candidate_key,name,source,smiles,known_targets,max_atlas_tanimoto,structural_support_band
CHEMBL:CHEMBL1090089,Pamapimod,KLIFS,Cn1c2c(cc(c1=O)Oc3ccc(cc3F)F)cnc(n2)NC(CCO)CCO,CSNK1E;MAPK10;MAPK11;MAPK14;MAPK8;MAPK9;NLK;RPS6KA3;RPS6KA4,0.6029411764705882,High
CHEMBL:CHEMBL1097999,-,KLIFS,CCNc1cc(O)c2c(c1)/C=C/C[C@H](O)[C@H](O)C(=O)/C=C\[C@@H](C)[C@H](C)OC2=O,FLT3;MAP2K1,0.1666666666666666,Outlier
CHEMBL:CHEMBL1230065,-,KLIFS,CCCNC(=O)c1cn2c(c1C)c(ncn2)Nc1cc(ccc1C)C(=O)NC1CC1,MAPK11;MAPK14,0.3563218390804598,Moderate
CHEMBL:CHEMBL1277072,Henatinib,PKIDB,Cc1c([nH]c2c1C(=O)N(CCC2)C[C@@H](CN3CCOCC3)O)/C=C\4/c5cc(ccc5NC4=O)F,KDR,0.6341463414634146,High
CHEMBL:CHEMBL1278146,Famitinib,PKIDB,CCN(CC)CCN1CCc2c(c(c([nH]2)/C=C\3/c4cc(ccc4NC3=O)F)C)C1=O,FLT1;FLT3;FLT4;KDR;KIT;PDGFRA;PDGFRB,0.5394736842105263,High
CHEMBL:CHEMBL13608,Toceranib,PKIDB,Cc1c([nH]c(c1C(=O)NCCN2CCCC2)C)/C=C\3/c4cc(ccc4NC3=O)F,KIT,0.7164179104477612,High
CHEMBL:CHEMBL1738758,Onvansertib,KLIFS,CN1CCN(CC1)c2ccc(c(c2)Nc3ncc4c(n3)-c5c(c(nn5CCO)C(=O)N)CC4)OC(F)(F)F,CSNK2A1;FLT3;MELK;PLK1,0.6962025316455697,High
CHEMBL:CHEMBL1852688,Infigratinib,KLIFS,CCN1CCN(CC1)c2ccc(cc2)Nc3cc(ncn3)N(C)C(=O)Nc4c(c(cc(c4Cl)OC)OC)Cl,FGFR1;FGFR2;FGFR3;FGFR4,0.3369565217391304,Moderate
CHEMBL:CHEMBL1938400,-,KLIFS,CC(C)(C)c1cc(NC(=O)NCc2ccccc2Sc2ccc3nnc(-c4ccccc4SCCO)n3c2)n(-c2ccc(O)c(Cl)c2)n1,FLT1;MAPK11;MINK1,0.3391304347826087,Moderate
CHEMBL:CHEMBL1947204,Allitinib,PKIDB,C=CC(=O)Nc1ccc2c(c1)c(ncn2)Nc3ccc(c(c3)Cl)OCc4cccc(c4)F,EGFR;ERBB2,0.5465116279069767,High
CHEMBL:CHEMBL2031465,-,KLIFS,CN1CCN(CC1)c1ccc2c(c1)c(=O)n(cn2)c1cc(ccc1C)C(=O)NC1CC1,MAPK14,0.3229166666666667,Moderate
CHEMBL:CHEMBL203567,-,KLIFS,Nc1c(C(=O)c2cccc(OC[C@@H](O)CO)c2)cnn1-c1ccc(F)cc1,GAK;MAPK11;MAPK14;PDGFRB,0.3164556962025316,Moderate
CHEMBL:CHEMBL2057915,-,KLIFS,CN1CCN(C(=O)[C@H]1c1ccc(cc1)Nc1nc(cn(c1=O)C)c1cccc(c1C)NC(=O)c1cc2c(s1)CCCC2)C,BTK,0.2389380530973451,Low
CHEMBL:CHEMBL2103838,Dilmapimod,PKIDB,Cc1cc(ccc1c2c3ccc(=O)n(c3nc(n2)NC(CO)CO)c4c(cccc4F)F)F,MAPK11;MAPK12;MAPK13;MAPK14,0.2987012987012987,Low
CHEMBL:CHEMBL2103874,Oclacitinib,PKIDB,CNS(=O)(=O)C[C@H]1CC[C@@H](CC1)N(c2ncnc3c2cc[nH]3)C,JAK1;JAK2;JAK3,0.4477611940298507,High
CHEMBL:CHEMBL2104954,Balamapimod,PKIDB,Cn1ccnc1Sc2ccc(cc2Cl)Nc3c4cc(c(cc4ncc3C#N)N5CCC(CC5)N6CCCC6)OC,MAP2K1;MAP2K2;RAF1,0.4166666666666667,High
CHEMBL:CHEMBL2107823,Gandotinib,KLIFS,Cc1cc(n[nH]1)Nc2cc(c3nc(c(n3n2)Cc4ccc(cc4F)Cl)C)CN5CCOCC5,AURKA;JAK2;JAK3;LIMK1;TYK2,0.2840909090909091,Low
CHEMBL:CHEMBL2134202,-,KLIFS,CCc1cncnc1N1CCN(CC1)Cc1nc2c([nH]1)cc(cc2)C(F)(F)F,RPS6KB1,0.2682926829268293,Low
CHEMBL:CHEMBL2177390,Ipatasertib,KLIFS,C[C@@H]1C[C@H](c2c1c(ncn2)N3CCN(CC3)C(=O)[C@H](CNC(C)C)c4ccc(cc4)Cl)O,AKT1;AKT2;AKT3;PRKG1,0.2755102040816326,Low
CHEMBL:CHEMBL2177736,-,KLIFS,N[C@H]1CCCC[C@H]1Nc1ncc(c(n1)Nc1cccc(c1)n1nccn1)C(=O)N,FGR;FLT3;LCK;LYN;MAP3K9;PAK7;PRKCA;SRC;SYK;YES1;ZAP70,0.4931506849315068,High
CHEMBL:CHEMBL2180602,Tafetinib,PKIDB,CCN(CC)CCNC(=O)c1c([nH]c\2c1CCC/C2=C/3\c4cc(ccc4NC3=O)F)C,FLT1;FLT4;KDR,0.6081081081081081,High
CHEMBL:CHEMBL2316582,Olverembatinib,KLIFS,CN1CCN(CC1)Cc1ccc(cc1C(F)(F)F)NC(=O)c1ccc(c(c1)C#Cc1cnc2c(c1)cn[nH]2)C,ABL1;FGFR1;FLT3;PDGFRA,0.6785714285714286,High
CHEMBL:CHEMBL2364626,Ralimetinib,PKIDB,CC(C)(C)Cn1c2c(ccc(n2)c3c(nc([nH]3)C(C)(C)C)c4ccc(cc4)F)nc1N,MAPK11;MAPK14,0.3246753246753247,Moderate
CHEMBL:CHEMBL2392545,-,KLIFS,O=C(NC1CCN(C)CC1)C2=CC(OC)=C(NC3=NC=C(N4C)C(N(C5CCCC5)CC(F)(F)C4=O)=N3)C=C2F,PLK1,0.5434782608695652,High
CHEMBL:CHEMBL3112866,-,KLIFS,O=C1N=C(CC(N2[C@@H](C)CC3=C2C=CC=C3)=O)NC(N4CCOCC4)=C1,AKT1,0.2613636363636363,Low
CHEMBL:CHEMBL3137308,Peficitinib,PKIDB,c1c[nH]c2c1c(c(cn2)C(=O)N)N[C@@H]3[C@@H]4C[C@@H]5C[C@H]3C[C@@](C5)(C4)O,JAK1;JAK2;JAK3;TYK2,0.2957746478873239,Low
CHEMBL:CHEMBL3265032,Entospletinib,KLIFS,c1cc(ccc1Nc2c3nccn3cc(n2)c4ccc5cn[nH]c5c4)N6CCOCC6,BTK;FLT3;JAK2;SYK,0.3714285714285714,Moderate
CHEMBL:CHEMBL3286830,Lorlatinib,KLIFS,C[C@@H]1c2cc(ccc2C(=O)N(Cc3c(c(n(n3)C)C#N)-c4cc(c(nc4)N)O1)C)F,ALK;EGFR;FER;FES;FRK;JAK2;LTK;NTRK1;NTRK2;NTRK3;PTK2;PTK2B;ROS1;TNK2,0.22,Low
CHEMBL:CHEMBL3301606,Solcitinib,PKIDB,CC1(CN(C1)C(=O)c2ccc(cc2)c3cccc4n3nc(n4)NC(=O)C5CC5)C,JAK1,0.5522388059701493,High
CHEMBL:CHEMBL3301625,Spebrutinib,PKIDB,COCCOc1ccc(cc1)Nc2ncc(c(n2)Nc3cccc(c3)NC(=O)C=C)F,BTK,0.4736842105263157,High
CHEMBL:CHEMBL3544911,Prexasertib,PKIDB,COc1cccc(c1c2cc(n[nH]2)Nc3cnc(cn3)C#N)OCCCN,CHEK1;CHEK2,0.3513513513513513,Moderate
CHEMBL:CHEMBL3545097,Sapanisertib,KLIFS,CC(C)n1c2c(c(n1)c3ccc4c(c3)nc(o4)N)c(ncn2)N,MTOR,0.82,High
CHEMBL:CHEMBL3545213,Bentamapimod,PKIDB,N#CC(c1nc2ccccc2s1)c5nc(OCc3ccc(cc3)CN4CCOCC4)ncc5,MAPK8;MAPK9,0.3095238095238095,Moderate
CHEMBL:CHEMBL3545235,Simotinib,PKIDB,COc1cc2c(cc1OCCN3CC4(CC4)C5(C3)OCCO5)c(ncn2)Nc6ccc(c(c6)Cl)F,EGFR,0.6710526315789473,High
CHEMBL:CHEMBL3545311,Brigatinib,KLIFS,CN1CCN(CC1)C2CCN(CC2)c3ccc(c(c3)OC)Nc4ncc(c(n4)Nc5ccccc5P(=O)(C)C)Cl,ALK;EGFR;FLT3;IGF1R;INSR;NUAK1;ROS1,0.7307692307692307,High
CHEMBL:CHEMBL3545365,Altiratinib,PKIDB,c1cc(ccc1NC(=O)C2(CC2)C(=O)Nc3cc(c(cc3F)Oc4ccnc(c4)NC(=O)C5CC5)F)F,KDR;MET;NTRK1;TEK,0.5625,High
CHEMBL:CHEMBL3545376,Erdafitinib,KLIFS,CC(C)NCCN(c1ccc2c(c1)nc(cn2)c3cnn(c3)C)c4cc(cc(c4)OC)OC,FGFR1;FGFR2;FGFR3;FGFR4;KDR,0.2857142857142857,Low
CHEMBL:CHEMBL3577124,-,KLIFS,CNc1ncc2c(n1)nc(c(c2)c1cc(NC(=O)NCCC(C)(C)C)c(cc1C)F)C,ABL1;ARAF;BRAF;CSK;EIF2AK4;EPHA2;EPHB4;FYN;IRAK1;MAP2K5;MAP3K1;MAP4K5;NAN;RAF1;SRC,0.2588235294117647,Low
CHEMBL:CHEMBL3622820,Itacitinib,KLIFS,N#CCC1(n2cc(-c3ncnc4[nH]ccc34)cn2)CN(C5CCN(C(=O)c6ccnc(C(F)(F)F)c6F)CC5)C1,JAK1;JAK2;TYK2,0.5411764705882353,High
CHEMBL:CHEMBL3622821,Upadacitinib,PKIDB,CC[C@@H]1CN(C[C@@H]1c2cnc3n2c4cc[nH]c4nc3)C(=O)NCC(F)(F)F,JAK1,0.2588235294117647,Low
CHEMBL:CHEMBL3643413,Leniolisib,KLIFS,CCC(=O)N1CC[C@@H](C1)Nc2c3c(ncn2)CCN(C3)c4cc(c(nc4)OC)C(F)(F)F,PRKDC,0.2871287128712871,Low
CHEMBL:CHEMBL3644620,-,KLIFS,CCc1cc(O)c(cc1c1ccc2c(c1)[nH]nc2c1nc2c([nH]1)CCN(C2)C(=O)c1cnc(cn1)N1CCCCC1)F,JAK1;JAK2;JAK3;TYK2,0.2427184466019417,Low
CHEMBL:CHEMBL3647420,Pyrotinib,PKIDB,CCOc1cc2c(cc1NC(=O)/C=C/[C@H]3CCCN3C)c(c(cn2)C#N)Nc4ccc(c(c4)Cl)OCc5ccccn5,EGFR;ERBB2,0.7263157894736842,High
CHEMBL:CHEMBL3651966,-,KLIFS,O=C(C1=CC=C(F)C(C2=C(F)C=CC=C2F)=N1)NC3=C([C@@H]4C[C@H](C)C[C@H](N)C4)C=CN=C3,PIM1;PIM2;PIM3,0.2666666666666666,Low
CHEMBL:CHEMBL3655081,Abrocitinib,KLIFS,CCCS(=O)(=O)NC1CC(C1)N(C)c2c3cc[nH]c3ncn2,JAK1;JAK2;JAK3;TYK2,0.4202898550724637,High
CHEMBL:CHEMBL3663929,Naquotinib,KLIFS,CCc1c(nc(c(n1)C(=O)N)Nc2ccc(cc2)N3CCC(CC3)N4CCN(CC4)C)O[C@@H]5CCN(C5)C(=O)C=C,EGFR,0.5053763440860215,High
CHEMBL:CHEMBL3678958,Ruserontinib,KLIFS,CC(C)n1c(Nc2cccnc2)nc2cnc(Nc3ccc(N4CCN(C)CC4)cc3)nc21,EGFR,0.3837209302325581,Moderate
CHEMBL:CHEMBL3689518,Delgocitinib,KLIFS,C[C@H]1CN(C(=O)CC#N)[C@]12CCN(c1ncnc3[nH]ccc13)C2,JAK1;JAK2;JAK3;TYK2,0.48,High
CHEMBL:CHEMBL3701238,Futibatinib,KLIFS,C=CC(=O)N1CC[C@H](n2nc(C#Cc3cc(OC)cc(OC)c3)c3c(N)ncnc32)C1,BTK;FGFR1;FGFR2;FGFR3;FGFR4,0.5061728395061729,High
CHEMBL:CHEMBL3702854,Rilzabrutinib,KLIFS,N#C/C(=C\C(N1CCN(CC1)C1COC1)(C)C)/C(=O)N1CCC[C@H](C1)n1nc(c2c1ncnc2N)c1ccc(cc1F)Oc1ccccc1,BLK;BMX;BTK;TEC;TXK,0.5151515151515151,High
CHEMBL:CHEMBL3707348,Acalabrutinib,KLIFS,CC#CC(=O)N1CCC[C@H]1c2nc(c3n2ccnc3N)c4ccc(cc4)C(=O)Nc5ccccn5,BLK;BMX;BTK;EGFR;ERBB2;ERBB4;TEC;TXK,0.3516483516483517,Moderate
CHEMBL:CHEMBL3707349,Amcasertib,PKIDB,CCN(CC)CCNC(=O)c1c(c([nH]c1C)/C=C\2/c3cc(ccc3NC2=O)c4csc(n4)c5ccccc5)C,PDGFRA,0.6538461538461539,High
CHEMBL:CHEMBL3785909,-,KLIFS,O=C1C2=C(N=CC(OCCOC)=C2)C=CN1[C@@H](C3=NN=C4C(F)=CC(C5=CN(C)N=C5)=CN43)C,MET,0.26,Low
CHEMBL:CHEMBL3786343,Olmutinib,PKIDB,CN1CCN(CC1)c2ccc(cc2)Nc3nc4ccsc4c(n3)Oc5cccc(c5)NC(=O)C=C,EGFR,0.3711340206185567,Moderate
CHEMBL:CHEMBL3787344,Nazartinib,KLIFS,Cc1cc(ccn1)C(=O)Nc2nc3cccc(c3n2[C@@H]4CCCCN(C4)C(=O)/C=C/CN(C)C)Cl,EGFR,0.308411214953271,Moderate
CHEMBL:CHEMBL3809489,Bemcentinib,PKIDB,c1ccc-2c(c1)CCCc3c2nnc(c3)n4c(nc(n4)Nc5ccc6c(c5)CC[C@H](CC6)N7CCCC7)N,AXL,0.238095238095238,Low
CHEMBL:CHEMBL3824089,-,KLIFS,COc4cc(c2nn(CCN1CCC(N(C)C)CC1)c3ncnc(N)c23)ccc4NC(=O)OC(C)(C)C,ABL1;FYN;SRC,0.320754716981132,Moderate
CHEMBL:CHEMBL3828009,-,KLIFS,OCCn1ncc(c1)/C=C/c1n[nH]c2c1cc(cc2)O[C@@H](c1c(Cl)cncc1Cl)C,FGFR1;FGFR2;FGFR3;FGFR4;KDR,0.2839506172839506,Low
CHEMBL:CHEMBL3889654,Larotrectinib,PKIDB,c1cc(c(cc1F)[C@H]2CCCN2c3ccn4c(n3)c(cn4)NC(=O)N5CC[C@@H](C5)O)F,NTRK1;NTRK2;NTRK3,0.2555555555555555,Low
CHEMBL:CHEMBL3894860,Trilaciclib,PKIDB,CN1CCN(CC1)c2ccc(nc2)Nc3ncc4cc5n(c4n3)C6(CCCCC6)CNC5=O,CDK4;CDK6,0.4166666666666667,High
CHEMBL:CHEMBL3900554,-,KLIFS,Fc1cc(C(=O)N)c2c(c1c1cccc(c1C)n1c(=O)c3cccc(c3n(c1=O)C)F)c1CC[C@@H](Cc1[nH]2)C(O)(C)C,BLK;BMX;BTK;ITK;LCK;TEC;TXK,0.2456140350877192,Low
CHEMBL:CHEMBL3905910,Voruciclib,PKIDB,CN1CC[C@H]([C@@H]1CO)c2c(cc(c3c2oc(cc3=O)c4ccc(cc4Cl)C(F)(F)F)O)O,CDK4,0.7575757575757576,High
CHEMBL:CHEMBL3908979,Roblitinib,KLIFS,COCCNc1cc(ncc1C#N)NC(=O)N1CCCc2c1nc(C=O)c(c2)CN1CCN(CC1=O)C,FGFR4,0.2522522522522522,Low
CHEMBL:CHEMBL3916717,Selonsertib,KLIFS,Cc1cc(c(cc1n2cc(nc2)C3CC3)C(=O)Nc4cccc(n4)c5nncn5C(C)C)F,MAP3K5,0.21875,Low
CHEMBL:CHEMBL3977543,Belvarafenib,KLIFS,CC1=C(C2=C(C=C1)C(=NC=C2)NC3=C(C(=CC=C3)Cl)F)NC(=O)C4=CSC5=C4N=CN=C5N,BRAF;CSF1R;DDR1;DDR2;RAF1,0.3452380952380952,Moderate
CHEMBL:CHEMBL3979920,Mivavotinib,KLIFS,Cn1cc(-c2nc(N[C@@H]3CCCC[C@@H]3N)c(F)c3c2C(=O)NC3)cn1,CHEK1;EPHA1;FER;FLT3;JAK3;KDR;PAK4;PDGFRA;PHKG2;RET;SYK;ZAP70,0.2888888888888888,Low
CHEMBL:CHEMBL3986824,Lanraplenib,KLIFS,C1CN(CCN1C2COC2)C3=CC=C(C=C3)NC4=NC(=CN5C4=NC=C5)C6=CN=CC(=N6)N,JAK2;SYK,0.3048780487804878,Moderate
CHEMBL:CHEMBL3989926,Sitravatinib,PKIDB,COCCNCc1ccc(nc1)c2cc3c(s2)c(ccn3)Oc4ccc(cc4F)NC(=O)C5(CC5)C(=O)Nc6ccc(cc6)F,DDR2;NTRK1;NTRK2;NTRK3;RET,0.7558139534883721,High
CHEMBL:CHEMBL4065122,Fenebrutinib,KLIFS,C[C@H]1CN(CCN1c2ccc(nc2)Nc3cc(cn(c3=O)C)c4ccnc(c4CO)N5CCn6c(cc7c6CC(C7)(C)C)C5=O)C8COC8,BTK,0.2063492063492063,Low
CHEMBL:CHEMBL4068509,-,KLIFS,O=C1C(C2=C(Cl)C(OC)=CC(OC)=C2Cl)=CC3=CN=C(NC)N=C3N1CCCN4CCN(C(C=C)=O)CC4,BLK;BMX;CSF1R;EIF2AK3;FGFR1;FGFR2;FGFR3;FGFR4;FLT4;JAK3;KDR;LYN,0.3,Moderate
CHEMBL:CHEMBL4071864,-,KLIFS,O=C(C1=NC(CC2=CC=CC=C2)=NN1)N[C@H]3COC4=CC=CC=C4N(C)C3=O,RIPK1,0.375,Moderate
CHEMBL:CHEMBL4072833,Evobrutinib,KLIFS,C=CC(=O)N1CCC(CC1)CNc2c(c(ncn2)N)c3ccc(cc3)Oc4ccccc4,BMX;BTK;ERBB4;TEC,0.4936708860759494,High
CHEMBL:CHEMBL4073443,Tomivosertib,KLIFS,Cc1cc(c(=O)n2c1C(=O)NC23CCCCC3)Nc4cc(ncn4)N,CLK4;MKNK1;MKNK2;STK17A,0.188235294117647,Outlier
CHEMBL:CHEMBL4081711,Zimlovisertib,KLIFS,CC[C@H]1[C@@H](COc2nccc3c2cc(OC)c(c3)C(=O)N)NC(=O)[C@H]1F,CSNK1G2;IRAK4,0.3255813953488372,Moderate
CHEMBL:CHEMBL4084907,Bimiralisib,KLIFS,Nc1cc(C(F)(F)F)c(-c2nc(N3CCOCC3)nc(N4CCOCC4)n2)cn1,MTOR,0.7142857142857143,High
CHEMBL:CHEMBL4098877,-,KLIFS,C[C@@H]1CN(C[C@@H](O1)C)c1ncnc(c1)c1n[nH]c2c1cc(cc2)OC1(CC1)C,CLK2;CLK4;LRRK2;MAP3K14;MAP3K5;TTK,0.2461538461538461,Low
CHEMBL:CHEMBL4113131,Ensartinib,PKIDB,C[C@@H]1CN(C[C@@H](N1)C)C(=O)c2ccc(cc2)NC(=O)c3cc(c(nn3)N)O[C@H](C)c4c(ccc(c4Cl)F)Cl,ALK,0.7671232876712328,High
CHEMBL:CHEMBL4129018,-,KLIFS,CN1CCN(CC1)c1nnc(c(c1)c1ccncc1)c1ccc2c(c1)cccc2,MAPK14,0.3243243243243243,Moderate
CHEMBL:CHEMBL4208229,Asciminib,KLIFS,c1cc(ccc1NC(=O)c2cc(c(nc2)N3CC[C@H](C3)O)c4ccn[nH]4)OC(F)(F)Cl,ABL1,0.2826086956521739,Low
CHEMBL:CHEMBL4209157,Lifirafenib,KLIFS,c1cc2c(cc1C(F)(F)F)[nH]c(n2)[C@H]3[C@H]4[C@@H]3Oc5c4cc(cc5)Oc6ccnc7c6CCC(=O)N7,BRAF,0.25,Low
CHEMBL:CHEMBL4212531,-,KLIFS,CC(C)(CO)n1cc(C(=O)c2cncc(NC(=O)Cc3ccc(Cl)cn3)c2)c2cnc(N)nc21,FLT3;MUSK;NTRK1;NTRK2;NTRK3,0.2359550561797752,Low
CHEMBL:CHEMBL4212692,-,KLIFS,CCCS(=O)(=O)Nc1ccc(F)c(-n2cc(-c3cncnc3)c3nc(N(C)C4CCN(CC)CC4)ccc32)c1F,BRAF;RAF1,0.2989690721649484,Low
CHEMBL:CHEMBL4297188,Miransertib,KLIFS,c1ccc(cc1)c2ccc3c(n2)n(c(n3)c4cccnc4N)c5ccc(cc5)C6(CCC6)N,AKT1;AKT2;AKT3,0.3417721518987341,Moderate
CHEMBL:CHEMBL4297488,Samuraciclib,KLIFS,O[C@H]1CNCC[C@@H]1CNc1cc(NCc2ccccc2)n2c(n1)c(cn2)C(C)C,CDK2;CDK7,0.2989690721649484,Low
CHEMBL:CHEMBL4297522,Pemigatinib,KLIFS,CCN1c2c3cc([nH]c3ncc2CN(C1=O)c4c(c(cc(c4F)OC)OC)F)CN5CCOCC5,FGFR1;FGFR2;FGFR3;FGFR4,0.2708333333333333,Low
CHEMBL:CHEMBL4297524,Radotinib,PKIDB,Cc1ccc(cc1Nc2nccc(n2)c3cnccn3)C(=O)Nc4cc(cc(c4)n5cc(nc5)C)C(F)(F)F,ABL1;PDGFRB,0.8289473684210527,High
CHEMBL:CHEMBL4297661,Tarloxotinib,PKIDB,Cn1cnc(c1C[N+](C)(C)C/C=C/C(=O)Nc2cc3c(cn2)ncnc3Nc4ccc(c(c4)Br)Cl)[N+](=O)[O-].[Br-],EGFR,0.3584905660377358,Moderate
CHEMBL:CHEMBL4298138,Repotrectinib,KLIFS,CC1CNC(=O)C2=C3N=C(C=CN3N=C2)NC(C4=C(O1)C=CC(=C4)F)C,ALK;JAK2;NTRK1;NTRK2;NTRK3;ROS1;SRC,0.2222222222222222,Low
CHEMBL:CHEMBL4303214,Fruquintinib,PKIDB,Cc1c(c2ccc(cc2o1)Oc3c4cc(c(cc4ncn3)OC)OC)C(=O)NC,FLT1;FLT4;KDR,0.425,High
CHEMBL:CHEMBL4303241,Empesertib,KLIFS,C[C@H](c1ccc(cc1)F)C(=O)Nc2ccc(cc2)c3ccc4nc(nn4c3)Nc5ccc(cc5OC)S(=O)(=O)C,TTK,0.2592592592592592,Low
CHEMBL:CHEMBL4439259,-,KLIFS,Cc1cc2ncnn2cc1Nc1ncc2c(n1)n(C1CCOCC1)c(=O)n2C,PRKDC,0.3294117647058823,Moderate
CHEMBL:CHEMBL4442620,Roniciclib,PKIDB,C[C@H]([C@@H](C)Oc1c(cnc(n1)Nc2ccc(cc2)[S@](=N)(=O)C3CC3)C(F)(F)F)O,CDK1;CDK2;CDK4;CDK9,0.3333333333333333,Moderate
CHEMBL:CHEMBL4446357,Ebvaciclib,KLIFS,C[C@@]1(O)CCC[C@H]1n1c(=O)c(C(F)F)cc2cnc(NC3CCN(S(C)(=O)=O)CC3)nc21,CDK1;CDK2;CDK4;CDK6,0.3636363636363636,Moderate
CHEMBL:CHEMBL4456085,-,KLIFS,COc1ccc(Oc2cc(NCCC(F)(F)F)c3ncc(-c4ccc(C(=O)NC5CC5)c(C)c4)n3n2)c(F)c1F,TTK,0.3052631578947368,Moderate
CHEMBL:CHEMBL4459585,Ropsacitinib,KLIFS,Cn1cc(-c2cn3nccc3c(-c3cnn([C@]4(CC#N)C[C@@H](C#N)C4)c3)n2)cn1,JAK1;JAK2;TYK2,0.3333333333333333,Moderate
CHEMBL:CHEMBL4461070,-,KLIFS,O=C(NCCN1CCOCC1)NC2=NC3=CC=C(SC4=NN=C5C=CC(C6=CC=C(F)C=C6)=NN54)C=C3S2,MET,0.3666666666666666,Moderate
CHEMBL:CHEMBL4462530,-,KLIFS,ClC1=CN=C(NC([C@H]2CCC[C@@H](NC(C)=O)C2)=O)C=C1C3=C(CC(C)(C)C4)N4N=C3,CDK1;CDK3;CDK4;CDK6;CDK9;GSK3A;GSK3B,0.2444444444444444,Low
CHEMBL:CHEMBL4482864,Tizaterkib,KLIFS,Fc1cc(ccc1F)CN1C(=O)c2n(C[C@@H]1COC)cc(n2)c1nc(ncc1C)Nc1ccnn1C,MAPK1;NUAK1,0.3069306930693069,Moderate
CHEMBL:CHEMBL4558324,Lazertinib,PKIDB,CN(C)Cc1cn(nc1c2ccccc2)c3ccnc(n3)Nc4cc(c(cc4OC)N5CCOCC5)NC(=O)C=C,EGFR,0.4326923076923077,High
CHEMBL:CHEMBL4583691,Naporafenib,KLIFS,Cc1ccc(NC(=O)c2ccnc(C(F)(F)F)c2)cc1-c1cc(OCCO)nc(N2CCOCC2)c1,BRAF;DDR1;DDR2;PDGFRB;RAF1,0.3296703296703296,Moderate
CHEMBL:CHEMBL4783351,Emavusertib,KLIFS,O=C(C1=COC(C2=CC(C)=NC=C2)=N1)NC3=C(N4C[C@H](O)CC4)N=C5C(OC(N6CCOCC6)=N5)=C3,IRAK4,0.2959183673469387,Low
CHEMBL:CHEMBL4871106,-,KLIFS,O=C(C1=CC=CC2=C(N[C@@H](C3=CC=C(Cl)C(C(F)(F)F)=C3)CN4CCC4)N=CN=C12)N,AKT1,0.2637362637362637,Low
CHEMBL:CHEMBL49120,-,KLIFS,CCN(CC)CCOc1ccc(Nc2ncc3cc(-c4c(Cl)cccc4Cl)c(=O)n(C)c3n2)cc1,ABL1;ACVR1;BTK;CHEK1;CSF1R;EGFR;FGFR1;FLT1;FLT3;FYN;JAK2;JAK3;KDR;LCK;LRRK2;LTK;MAP2K1;MAP2K2;MAP4K2;MAP4K4;MAP4K5;MAPK14;MAPK8;MAPK9;MET;MINK1;MST1R;PAK4;PDGFRA;PDGFRB;PKMYT1;PRKAA1;PRKACA;PRKD3;PTK2;RET;RIPK2;RPS6KA3;SRC;STK17A;STK3;SYK;TAOK1;TNK2;TYRO3;WEE1;WEE2,0.5942028985507246,High
CHEMBL:CHEMBL5083772,-,KLIFS,Cn1ncc(c1)Nc1nccc(n1)c1ccc2c(c1)CN(CCC2NC(=O)c1nnn(c1)C(C)(C)C)C1COC1,AURKA;BMX;BTK;CDKL2;MAP2K2;SRC;TEC;TIE1,0.3235294117647059,Moderate
CHEMBL:CHEMBL5095025,Panulisib,PKIDB,CC(C)(C#N)c1ccc(cn1)n2c3c4cc(ccc4ncc3n(c2=NC#N)C)c5cc(c(nc5)N)C(F)(F)F,MTOR,0.4588235294117647,High
CHEMBL:CHEMBL5314397,Acumapimod,PKIDB,Cc1ccc(cc1n2c(c(cn2)C(=O)c3cccc(c3)C#N)N)C(=O)NC4CC4,MAPK11;MAPK12;MAPK13;MAPK14,0.3052631578947368,Moderate
CHEMBL:CHEMBL558642,-,KLIFS,OC(=O)c1ccc(cc1C1CCCC1)c1c[nH]c2c1cc(cn2)c1ccccc1,AURKA;CAMKK1;CAMKK2;SGK1,0.5084745762711864,High
CHEMBL:CHEMBL586702,-,KLIFS,FC(c1nc2c(n1c1nc(nc(n1)N1CCOCC1)N1CCOCC1)cccc2)F,MTOR,0.2857142857142857,Low
INCHIKEY:ARBRHWRTXPWZGN-UHFFFAOYSA-N,-,KLIFS,O=C(C1=C(N)N(C2=C(C)C=CC(O)=C2C)C3=NC(C)=C(C)C=C31)N,PKMYT1,0.2432432432432432,Low
INCHIKEY:ATQAGKAMBISZQM-HNNXBMFYSA-N,-,KLIFS,FC1=CC(F)=CC2=C1NC([C@@H](NC(C3=NNC(CC4=CC=CC=C4)=N3)=O)CC2)=O,RIPK1,0.2527472527472527,Low
INCHIKEY:BMWMKGNVAMXXCH-UHFFFAOYSA-N,-,KLIFS,CC(OC1CN(C1)C(=O)NCc1ccc(cc1C)c1ccnc(n1)Nc1cnn(c1)C)C,AAK1;BTK;CDKL2;JAK2;MAP3K19,0.336734693877551,Moderate
INCHIKEY:BVRGQPJKSKKGIH-PUAOIOHZSA-N,-,KLIFS,COc1cc(F)cc(c1)[C@@H](CO)NC(=O)[C@@H](C)N2Cc3ccc(cc3C2=O)c4nc(NC5CCOCC5)ncc4Cl,MAPK1,0.3142857142857143,Moderate
INCHIKEY:HJFSVYUFOXAVAA-UHFFFAOYSA-N,-,KLIFS,CCCNC1=NC(=NC=C1C#CCCCNC(=O)C(C)N(C)C(=O)C=CCN(C)C)NC2=CC=C(C=C2)C#N,FLT3,0.2882882882882883,Low
INCHIKEY:JNPRPMBJODOFEC-UHFFFAOYSA-N,-,KLIFS,O=C(C(C=C(C1=NC(NC2=CC=NN2C)=NC=C1)S3)=C3C4(C)C)N4CCN5CCOCC5,MAPK1;MAPK3,0.3555555555555555,Moderate
INCHIKEY:JSFCZQSJQXFJDS-QAPCUYQASA-N,Nemtabrutinib,KLIFS,c1ccc(cc1)Oc2ccc(c(c2)Cl)C(=O)c3c[nH]c4c3c(ncn4)N[C@@H]5CC[C@H](OC5)CO,BTK,0.3037974683544304,Moderate
INCHIKEY:MJLYDVMFNHZMLV-UHFFFAOYSA-M,-,KLIFS,CC(C)(C)S(C(C(OCCOP(O)([O-])=O)=CC1=NC=N2)=CC1=C2NC3=CC(N=CS4)=C4C=C3)(=O)=O,RIPK2,0.3703703703703703,Moderate
INCHIKEY:MKCYPWYURWOKST-INIZCTEOSA-N,Zipalertinib,KLIFS,NC1=C2C(N3C(C(C)=C[C@@H](C3)NC(C=C)=O)=C2C4=CC5=CC=CC=C5N=C4)=NC=N1,EGFR,0.3052631578947368,Moderate
INCHIKEY:TVGAHWWPABTBCX-UHFFFAOYSA-N,Vimseltinib,KLIFS,CC(Nc1ncc(c(=O)n1C)c1ccc(c(n1)C)Oc1ccnc(c1)c1cnn(c1)C)C,CSF1R;PDGFRA,0.264367816091954,Low
INCHIKEY:UQTPDWDAYHAZNT-UHFFFAOYSA-N,Ilginatinib,KLIFS,CC(c1ccc(cc1)F)Nc2cc(cc(n2)Nc3cnccn3)c4cnn(c4)C,JAK1;JAK2;JAK3;TYK2,0.3205128205128205,Moderate
INCHIKEY:ZPPUMAMZIMPJGP-UHFFFAOYSA-N,-,KLIFS,CC1=NN(C=C1NC2=NC=C(C(=N2)NC)C(F)(F)F)C(C)(C)C#N,LRRK2;TTK,0.2891566265060241,Low
PKIDB:ANLOTINIB,Anlotinib,PKIDB,Cc1cc2c([nH]1)ccc(c2F)Oc3ccnc4c3cc(c(c4)OCC5(CC5)N)OC,FLT4;KDR,0.5131578947368421,High
PKIDB:APATINIB,Apatinib,PKIDB,N#CC1(CCCC1)c1ccc(cc1)NC(=O)c1cccnc1Nc1cnccc1C,KDR,0.6515151515151515,High
PKIDB:DEUCRAVACITINIB,Deucravacitinib,PKIDB,C[2H]C([2H])([2H])NC(=O)c1nnc(NC(=O)C2CC2)cc1Nc1cccc(-c2ncn(C)n2)c1OC,TYK2,,Outlier
PKIDB:FLUMATINIB,Flumatinib,PKIDB,Cc1c(cc(cn1)NC(=O)c2ccc(c(c2)C(F)(F)F)CN3CCN(CC3)C)Nc4nccc(n4)c5cccnc5,ABL1;BCR;KIT;PDGFRB,0.6428571428571429,High
PKIDB:SELATINIB,Selatinib,PKIDB,CS(=O)CCNCc1ccc(o1)c2ccc3c(c2)c(ncn3)Nc4ccc(c(c4)Cl)OCc5cccc(c5)F,EGFR;ERBB2,0.8024691358024691,High
