candidate_key,name,source,smiles,canonical_tautomer,atlas_canonical_tautomer_match
CHEMBL:CHEMBL1090089,Pamapimod,KLIFS,Cn1c2c(cc(c1=O)Oc3ccc(cc3F)F)cnc(n2)NC(CCO)CCO,Cn1c(=O)c(Oc2ccc(F)cc2F)cc2cnc(NC(CCO)CCO)nc21,False
CHEMBL:CHEMBL1097999,-,KLIFS,CCNc1cc(O)c2c(c1)/C=C/C[C@H](O)[C@H](O)C(=O)/C=C\[C@@H](C)[C@H](C)OC2=O,CCNc1cc(O)c2c(c1)C=CCC(=O)C(=O)C(O)CCC(C)[C@H](C)OC2=O,False
CHEMBL:CHEMBL1230065,-,KLIFS,CCCNC(=O)c1cn2c(c1C)c(ncn2)Nc1cc(ccc1C)C(=O)NC1CC1,CCCNC(=O)c1cn2ncnc(Nc3cc(C(=O)NC4CC4)ccc3C)c2c1C,False
CHEMBL:CHEMBL1738758,Onvansertib,KLIFS,CN1CCN(CC1)c2ccc(c(c2)Nc3ncc4c(n3)-c5c(c(nn5CCO)C(=O)N)CC4)OC(F)(F)F,CN1CCN(c2ccc(OC(F)(F)F)c(Nc3ncc4c(n3)-c3c(c(C(N)=O)nn3CCO)CC4)c2)CC1,False
CHEMBL:CHEMBL1852688,Infigratinib,KLIFS,CCN1CCN(CC1)c2ccc(cc2)Nc3cc(ncn3)N(C)C(=O)Nc4c(c(cc(c4Cl)OC)OC)Cl,CCN1CCN(c2ccc(Nc3cc(N(C)C(=O)Nc4c(Cl)c(OC)cc(OC)c4Cl)ncn3)cc2)CC1,False
CHEMBL:CHEMBL1938400,-,KLIFS,CC(C)(C)c1cc(NC(=O)NCc2ccccc2Sc2ccc3nnc(-c4ccccc4SCCO)n3c2)n(-c2ccc(O)c(Cl)c2)n1,CC(C)(C)c1cc(NC(=O)NCc2ccccc2Sc2ccc3nnc(-c4ccccc4SCCO)n3c2)n(-c2ccc(O)c(Cl)c2)n1,False
CHEMBL:CHEMBL2031465,-,KLIFS,CN1CCN(CC1)c1ccc2c(c1)c(=O)n(cn2)c1cc(ccc1C)C(=O)NC1CC1,Cc1ccc(C(=O)NC2CC2)cc1-n1cnc2ccc(N3CCN(C)CC3)cc2c1=O,False
CHEMBL:CHEMBL203567,-,KLIFS,Nc1c(C(=O)c2cccc(OC[C@@H](O)CO)c2)cnn1-c1ccc(F)cc1,Nc1c(C(=O)c2cccc(OC[C@@H](O)CO)c2)cnn1-c1ccc(F)cc1,False
CHEMBL:CHEMBL2057915,-,KLIFS,CN1CCN(C(=O)[C@H]1c1ccc(cc1)Nc1nc(cn(c1=O)C)c1cccc(c1C)NC(=O)c1cc2c(s1)CCCC2)C,Cc1c(NC(=O)c2cc3c(s2)CCCC3)cccc1-c1cn(C)c(=O)c(Nc2ccc(C3C(=O)N(C)CCN3C)cc2)n1,False
CHEMBL:CHEMBL2107823,Gandotinib,KLIFS,Cc1cc(n[nH]1)Nc2cc(c3nc(c(n3n2)Cc4ccc(cc4F)Cl)C)CN5CCOCC5,Cc1cc(Nc2cc(CN3CCOCC3)c3nc(C)c(Cc4ccc(Cl)cc4F)n3n2)[nH]n1,False
CHEMBL:CHEMBL2134202,-,KLIFS,CCc1cncnc1N1CCN(CC1)Cc1nc2c([nH]1)cc(cc2)C(F)(F)F,CCc1cncnc1N1CCN(Cc2nc3cc(C(F)(F)F)ccc3[nH]2)CC1,False
CHEMBL:CHEMBL2177390,Ipatasertib,KLIFS,C[C@@H]1C[C@H](c2c1c(ncn2)N3CCN(CC3)C(=O)[C@H](CNC(C)C)c4ccc(cc4)Cl)O,CC(C)NCC(C(=O)N1CCN(c2ncnc3c2[C@H](C)C[C@H]3O)CC1)c1ccc(Cl)cc1,False
CHEMBL:CHEMBL2177736,-,KLIFS,N[C@H]1CCCC[C@H]1Nc1ncc(c(n1)Nc1cccc(c1)n1nccn1)C(=O)N,NC(=O)c1cnc(N[C@@H]2CCCC[C@@H]2N)nc1Nc1cccc(-n2nccn2)c1,False
CHEMBL:CHEMBL2316582,Olverembatinib,KLIFS,CN1CCN(CC1)Cc1ccc(cc1C(F)(F)F)NC(=O)c1ccc(c(c1)C#Cc1cnc2c(c1)cn[nH]2)C,Cc1ccc(C(=O)Nc2ccc(CN3CCN(C)CC3)c(C(F)(F)F)c2)cc1C#Cc1cnc2[nH]ncc2c1,False
CHEMBL:CHEMBL2392545,-,KLIFS,O=C(NC1CCN(C)CC1)C2=CC(OC)=C(NC3=NC=C(N4C)C(N(C5CCCC5)CC(F)(F)C4=O)=N3)C=C2F,COc1cc(C(=O)NC2CCN(C)CC2)c(F)cc1Nc1ncc2c(n1)N(C1CCCC1)CC(F)(F)C(=O)N2C,False
CHEMBL:CHEMBL3112866,-,KLIFS,O=C1N=C(CC(N2[C@@H](C)CC3=C2C=CC=C3)=O)NC(N4CCOCC4)=C1,C[C@H]1Cc2ccccc2N1C(=O)Cc1nc(=O)cc(N2CCOCC2)[nH]1,False
CHEMBL:CHEMBL3265032,Entospletinib,KLIFS,c1cc(ccc1Nc2c3nccn3cc(n2)c4ccc5cn[nH]c5c4)N6CCOCC6,c1cn2cc(-c3ccc4c[nH]nc4c3)nc(Nc3ccc(N4CCOCC4)cc3)c2n1,False
CHEMBL:CHEMBL3286830,Lorlatinib,KLIFS,C[C@@H]1c2cc(ccc2C(=O)N(Cc3c(c(n(n3)C)C#N)-c4cc(c(nc4)N)O1)C)F,C[C@H]1Oc2cc(cnc2N)-c2c(nn(C)c2C#N)CN(C)C(=O)c2ccc(F)cc21,False
CHEMBL:CHEMBL3545097,Sapanisertib,KLIFS,CC(C)n1c2c(c(n1)c3ccc4c(c3)nc(o4)N)c(ncn2)N,CC(C)n1nc(-c2ccc3oc(N)nc3c2)c2c(N)ncnc21,False
CHEMBL:CHEMBL3545311,Brigatinib,KLIFS,CN1CCN(CC1)C2CCN(CC2)c3ccc(c(c3)OC)Nc4ncc(c(n4)Nc5ccccc5P(=O)(C)C)Cl,COc1cc(N2CCC(N3CCN(C)CC3)CC2)ccc1Nc1ncc(Cl)c(Nc2ccccc2P(C)(C)=O)n1,False
CHEMBL:CHEMBL3545376,Erdafitinib,KLIFS,CC(C)NCCN(c1ccc2c(c1)nc(cn2)c3cnn(c3)C)c4cc(cc(c4)OC)OC,COc1cc(OC)cc(N(CCNC(C)C)c2ccc3ncc(-c4cnn(C)c4)nc3c2)c1,False
CHEMBL:CHEMBL3577124,-,KLIFS,CNc1ncc2c(n1)nc(c(c2)c1cc(NC(=O)NCCC(C)(C)C)c(cc1C)F)C,CNc1ncc2cc(-c3cc(NC(=O)NCCC(C)(C)C)c(F)cc3C)c(C)nc2n1,False
CHEMBL:CHEMBL3622820,Itacitinib,KLIFS,N#CCC1(n2cc(-c3ncnc4[nH]ccc34)cn2)CN(C5CCN(C(=O)c6ccnc(C(F)(F)F)c6F)CC5)C1,N#CCC1(n2cc(-c3ncnc4[nH]ccc34)cn2)CN(C2CCN(C(=O)c3ccnc(C(F)(F)F)c3F)CC2)C1,False
CHEMBL:CHEMBL3643413,Leniolisib,KLIFS,CCC(=O)N1CC[C@@H](C1)Nc2c3c(ncn2)CCN(C3)c4cc(c(nc4)OC)C(F)(F)F,CCC(=O)N1CC[C@H](Nc2ncnc3c2CN(c2cnc(OC)c(C(F)(F)F)c2)CC3)C1,False
CHEMBL:CHEMBL3644620,-,KLIFS,CCc1cc(O)c(cc1c1ccc2c(c1)[nH]nc2c1nc2c([nH]1)CCN(C2)C(=O)c1cnc(cn1)N1CCCCC1)F,CCc1cc(O)c(F)cc1-c1ccc2c(-c3nc4c([nH]3)CCN(C(=O)c3cnc(N5CCCCC5)cn3)C4)[nH]nc2c1,False
CHEMBL:CHEMBL3651966,-,KLIFS,O=C(C1=CC=C(F)C(C2=C(F)C=CC=C2F)=N1)NC3=C([C@@H]4C[C@H](C)C[C@H](N)C4)C=CN=C3,C[C@@H]1C[C@H](N)C[C@H](c2ccncc2NC(=O)c2ccc(F)c(-c3c(F)cccc3F)n2)C1,False
CHEMBL:CHEMBL3655081,Abrocitinib,KLIFS,CCCS(=O)(=O)NC1CC(C1)N(C)c2c3cc[nH]c3ncn2,CCCS(=O)(=O)NC1CC(N(C)c2ncnc3[nH]ccc23)C1,False
CHEMBL:CHEMBL3663929,Naquotinib,KLIFS,CCc1c(nc(c(n1)C(=O)N)Nc2ccc(cc2)N3CCC(CC3)N4CCN(CC4)C)O[C@@H]5CCN(C5)C(=O)C=C,C=CC(=O)N1CC[C@@H](Oc2nc(Nc3ccc(N4CCC(N5CCN(C)CC5)CC4)cc3)c(C(N)=O)nc2CC)C1,False
CHEMBL:CHEMBL3678958,Ruserontinib,KLIFS,CC(C)n1c(Nc2cccnc2)nc2cnc(Nc3ccc(N4CCN(C)CC4)cc3)nc21,CC(C)n1c(Nc2cccnc2)nc2cnc(Nc3ccc(N4CCN(C)CC4)cc3)nc21,False
CHEMBL:CHEMBL3689518,Delgocitinib,KLIFS,C[C@H]1CN(C(=O)CC#N)[C@]12CCN(c1ncnc3[nH]ccc13)C2,C[C@H]1CN(C(=O)CC#N)[C@]12CCN(c1ncnc3[nH]ccc13)C2,False
CHEMBL:CHEMBL3701238,Futibatinib,KLIFS,C=CC(=O)N1CC[C@H](n2nc(C#Cc3cc(OC)cc(OC)c3)c3c(N)ncnc32)C1,C=CC(=O)N1CC[C@H](n2nc(C#Cc3cc(OC)cc(OC)c3)c3c(N)ncnc32)C1,False
CHEMBL:CHEMBL3702854,Rilzabrutinib,KLIFS,N#C/C(=C\C(N1CCN(CC1)C1COC1)(C)C)/C(=O)N1CCC[C@H](C1)n1nc(c2c1ncnc2N)c1ccc(cc1F)Oc1ccccc1,CC(C)(/C=C(\C#N)C(=O)N1CCC[C@@H](n2nc(-c3ccc(Oc4ccccc4)cc3F)c3c(N)ncnc32)C1)N1CCN(C2COC2)CC1,False
CHEMBL:CHEMBL3707348,Acalabrutinib,KLIFS,CC#CC(=O)N1CCC[C@H]1c2nc(c3n2ccnc3N)c4ccc(cc4)C(=O)Nc5ccccn5,CC#CC(=O)N1CCC[C@H]1c1nc(-c2ccc(C(=O)Nc3ccccn3)cc2)c2c(N)nccn12,False
CHEMBL:CHEMBL3785909,-,KLIFS,O=C1C2=C(N=CC(OCCOC)=C2)C=CN1[C@@H](C3=NN=C4C(F)=CC(C5=CN(C)N=C5)=CN43)C,COCCOc1cnc2ccn([C@H](C)c3nnc4c(F)cc(-c5cnn(C)c5)cn34)c(=O)c2c1,False
CHEMBL:CHEMBL3787344,Nazartinib,KLIFS,Cc1cc(ccn1)C(=O)Nc2nc3cccc(c3n2[C@@H]4CCCCN(C4)C(=O)/C=C/CN(C)C)Cl,Cc1cc(C(=O)Nc2nc3cccc(Cl)c3n2[C@@H]2CCCCN(C(=O)/C=C/CN(C)C)C2)ccn1,False
CHEMBL:CHEMBL3824089,-,KLIFS,COc4cc(c2nn(CCN1CCC(N(C)C)CC1)c3ncnc(N)c23)ccc4NC(=O)OC(C)(C)C,COc1cc(-c2nn(CCN3CCC(N(C)C)CC3)c3ncnc(N)c23)ccc1NC(=O)OC(C)(C)C,False
CHEMBL:CHEMBL3828009,-,KLIFS,OCCn1ncc(c1)/C=C/c1n[nH]c2c1cc(cc2)O[C@@H](c1c(Cl)cncc1Cl)C,C[C@@H](Oc1ccc2[nH]nc(C=Cc3cnn(CCO)c3)c2c1)c1c(Cl)cncc1Cl,False
CHEMBL:CHEMBL3900554,-,KLIFS,Fc1cc(C(=O)N)c2c(c1c1cccc(c1C)n1c(=O)c3cccc(c3n(c1=O)C)F)c1CC[C@@H](Cc1[nH]2)C(O)(C)C,Cc1c(-c2c(F)cc(C(N)=O)c3[nH]c4c(c23)CC[C@H](C(C)(C)O)C4)cccc1-n1c(=O)c2cccc(F)c2n(C)c1=O,False
CHEMBL:CHEMBL3908979,Roblitinib,KLIFS,COCCNc1cc(ncc1C#N)NC(=O)N1CCCc2c1nc(C=O)c(c2)CN1CCN(CC1=O)C,COCCNc1cc(NC(=O)N2CCCc3cc(CN4CCN(C)CC4=O)c(C=O)nc32)ncc1C#N,False
CHEMBL:CHEMBL3916717,Selonsertib,KLIFS,Cc1cc(c(cc1n2cc(nc2)C3CC3)C(=O)Nc4cccc(n4)c5nncn5C(C)C)F,Cc1cc(F)c(C(=O)Nc2cccc(-c3nncn3C(C)C)n2)cc1-n1cnc(C2CC2)c1,False
CHEMBL:CHEMBL3977543,Belvarafenib,KLIFS,CC1=C(C2=C(C=C1)C(=NC=C2)NC3=C(C(=CC=C3)Cl)F)NC(=O)C4=CSC5=C4N=CN=C5N,Cc1ccc2c(Nc3cccc(Cl)c3F)nccc2c1NC(=O)c1csc2c(N)ncnc12,False
CHEMBL:CHEMBL3979920,Mivavotinib,KLIFS,Cn1cc(-c2nc(N[C@@H]3CCCC[C@@H]3N)c(F)c3c2C(=O)NC3)cn1,Cn1cc(-c2nc(N[C@@H]3CCCC[C@@H]3N)c(F)c3c2C(=O)NC3)cn1,False
CHEMBL:CHEMBL3986824,Lanraplenib,KLIFS,C1CN(CCN1C2COC2)C3=CC=C(C=C3)NC4=NC(=CN5C4=NC=C5)C6=CN=CC(=N6)N,Nc1cncc(-c2cn3ccnc3c(Nc3ccc(N4CCN(C5COC5)CC4)cc3)n2)n1,False
CHEMBL:CHEMBL4065122,Fenebrutinib,KLIFS,C[C@H]1CN(CCN1c2ccc(nc2)Nc3cc(cn(c3=O)C)c4ccnc(c4CO)N5CCn6c(cc7c6CC(C7)(C)C)C5=O)C8COC8,C[C@H]1CN(C2COC2)CCN1c1ccc(Nc2cc(-c3ccnc(N4CCn5c(cc6c5CC(C)(C)C6)C4=O)c3CO)cn(C)c2=O)nc1,False
CHEMBL:CHEMBL4068509,-,KLIFS,O=C1C(C2=C(Cl)C(OC)=CC(OC)=C2Cl)=CC3=CN=C(NC)N=C3N1CCCN4CCN(C(C=C)=O)CC4,C=CC(=O)N1CCN(CCCn2c(=O)c(-c3c(Cl)c(OC)cc(OC)c3Cl)cc3cnc(NC)nc32)CC1,False
CHEMBL:CHEMBL4071864,-,KLIFS,O=C(C1=NC(CC2=CC=CC=C2)=NN1)N[C@H]3COC4=CC=CC=C4N(C)C3=O,CN1C(=O)C(NC(=O)c2n[nH]c(Cc3ccccc3)n2)COc2ccccc21,False
CHEMBL:CHEMBL4072833,Evobrutinib,KLIFS,C=CC(=O)N1CCC(CC1)CNc2c(c(ncn2)N)c3ccc(cc3)Oc4ccccc4,C=CC(=O)N1CCC(CNc2ncnc(N)c2-c2ccc(Oc3ccccc3)cc2)CC1,False
CHEMBL:CHEMBL4073443,Tomivosertib,KLIFS,Cc1cc(c(=O)n2c1C(=O)NC23CCCCC3)Nc4cc(ncn4)N,Cc1cc(Nc2cc(N)ncn2)c(=O)n2c1C(=O)NC21CCCCC1,False
CHEMBL:CHEMBL4081711,Zimlovisertib,KLIFS,CC[C@H]1[C@@H](COc2nccc3c2cc(OC)c(c3)C(=O)N)NC(=O)[C@H]1F,CC[C@@H]1C(F)C(=O)N[C@@H]1COc1nccc2cc(C(N)=O)c(OC)cc12,False
CHEMBL:CHEMBL4084907,Bimiralisib,KLIFS,Nc1cc(C(F)(F)F)c(-c2nc(N3CCOCC3)nc(N4CCOCC4)n2)cn1,Nc1cc(C(F)(F)F)c(-c2nc(N3CCOCC3)nc(N3CCOCC3)n2)cn1,False
CHEMBL:CHEMBL4098877,-,KLIFS,C[C@@H]1CN(C[C@@H](O1)C)c1ncnc(c1)c1n[nH]c2c1cc(cc2)OC1(CC1)C,C[C@@H]1CN(c2cc(-c3[nH]nc4ccc(OC5(C)CC5)cc34)ncn2)C[C@H](C)O1,False
CHEMBL:CHEMBL4129018,-,KLIFS,CN1CCN(CC1)c1nnc(c(c1)c1ccncc1)c1ccc2c(c1)cccc2,CN1CCN(c2cc(-c3ccncc3)c(-c3ccc4ccccc4c3)nn2)CC1,False
CHEMBL:CHEMBL4208229,Asciminib,KLIFS,c1cc(ccc1NC(=O)c2cc(c(nc2)N3CC[C@H](C3)O)c4ccn[nH]4)OC(F)(F)Cl,O=C(Nc1ccc(OC(F)(F)Cl)cc1)c1cnc(N2CC[C@@H](O)C2)c(-c2cc[nH]n2)c1,False
CHEMBL:CHEMBL4209157,Lifirafenib,KLIFS,c1cc2c(cc1C(F)(F)F)[nH]c(n2)[C@H]3[C@H]4[C@@H]3Oc5c4cc(cc5)Oc6ccnc7c6CCC(=O)N7,O=C1CCc2c(Oc3ccc4c(c3)[C@@H]3[C@H](O4)[C@H]3c3nc4cc(C(F)(F)F)ccc4[nH]3)ccnc2N1,False
CHEMBL:CHEMBL4212531,-,KLIFS,CC(C)(CO)n1cc(C(=O)c2cncc(NC(=O)Cc3ccc(Cl)cn3)c2)c2cnc(N)nc21,CC(C)(CO)n1cc(C(=O)c2cncc(NC(=O)Cc3ccc(Cl)cn3)c2)c2cnc(N)nc21,False
CHEMBL:CHEMBL4212692,-,KLIFS,CCCS(=O)(=O)Nc1ccc(F)c(-n2cc(-c3cncnc3)c3nc(N(C)C4CCN(CC)CC4)ccc32)c1F,CCCS(=O)(=O)Nc1ccc(F)c(-n2cc(-c3cncnc3)c3nc(N(C)C4CCN(CC)CC4)ccc32)c1F,False
CHEMBL:CHEMBL4297188,Miransertib,KLIFS,c1ccc(cc1)c2ccc3c(n2)n(c(n3)c4cccnc4N)c5ccc(cc5)C6(CCC6)N,Nc1ncccc1-c1nc2ccc(-c3ccccc3)nc2n1-c1ccc(C2(N)CCC2)cc1,False
CHEMBL:CHEMBL4297488,Samuraciclib,KLIFS,O[C@H]1CNCC[C@@H]1CNc1cc(NCc2ccccc2)n2c(n1)c(cn2)C(C)C,CC(C)c1cnn2c(NCc3ccccc3)cc(NC[C@H]3CCNC[C@@H]3O)nc12,False
CHEMBL:CHEMBL4297522,Pemigatinib,KLIFS,CCN1c2c3cc([nH]c3ncc2CN(C1=O)c4c(c(cc(c4F)OC)OC)F)CN5CCOCC5,CCN1C(=O)N(c2c(F)c(OC)cc(OC)c2F)Cc2cnc3[nH]c(CN4CCOCC4)cc3c21,False
CHEMBL:CHEMBL4298138,Repotrectinib,KLIFS,CC1CNC(=O)C2=C3N=C(C=CN3N=C2)NC(C4=C(O1)C=CC(=C4)F)C,CC1CNC(=O)c2cnn3ccc(nc23)NC(C)c2cc(F)ccc2O1,False
CHEMBL:CHEMBL4303241,Empesertib,KLIFS,C[C@H](c1ccc(cc1)F)C(=O)Nc2ccc(cc2)c3ccc4nc(nn4c3)Nc5ccc(cc5OC)S(=O)(=O)C,COc1cc(S(C)(=O)=O)ccc1Nc1nc2ccc(-c3ccc(NC(=O)C(C)c4ccc(F)cc4)cc3)cn2n1,False
CHEMBL:CHEMBL4439259,-,KLIFS,Cc1cc2ncnn2cc1Nc1ncc2c(n1)n(C1CCOCC1)c(=O)n2C,Cc1cc2ncnn2cc1Nc1ncc2c(n1)n(C1CCOCC1)c(=O)n2C,False
CHEMBL:CHEMBL4446357,Ebvaciclib,KLIFS,C[C@@]1(O)CCC[C@H]1n1c(=O)c(C(F)F)cc2cnc(NC3CCN(S(C)(=O)=O)CC3)nc21,C[C@@]1(O)CCC[C@H]1n1c(=O)c(C(F)F)cc2cnc(NC3CCN(S(C)(=O)=O)CC3)nc21,False
CHEMBL:CHEMBL4456085,-,KLIFS,COc1ccc(Oc2cc(NCCC(F)(F)F)c3ncc(-c4ccc(C(=O)NC5CC5)c(C)c4)n3n2)c(F)c1F,COc1ccc(Oc2cc(NCCC(F)(F)F)c3ncc(-c4ccc(C(=O)NC5CC5)c(C)c4)n3n2)c(F)c1F,False
CHEMBL:CHEMBL4459585,Ropsacitinib,KLIFS,Cn1cc(-c2cn3nccc3c(-c3cnn([C@]4(CC#N)C[C@@H](C#N)C4)c3)n2)cn1,Cn1cc(-c2cn3nccc3c(-c3cnn([C@]4(CC#N)C[C@@H](C#N)C4)c3)n2)cn1,False
CHEMBL:CHEMBL4461070,-,KLIFS,O=C(NCCN1CCOCC1)NC2=NC3=CC=C(SC4=NN=C5C=CC(C6=CC=C(F)C=C6)=NN54)C=C3S2,O=C(NCCN1CCOCC1)Nc1nc2ccc(Sc3nnc4ccc(-c5ccc(F)cc5)nn34)cc2s1,False
CHEMBL:CHEMBL4462530,-,KLIFS,ClC1=CN=C(NC([C@H]2CCC[C@@H](NC(C)=O)C2)=O)C=C1C3=C(CC(C)(C)C4)N4N=C3,CC(=O)N[C@@H]1CCCC(C(=O)Nc2cc(-c3cnn4c3CC(C)(C)C4)c(Cl)cn2)C1,False
CHEMBL:CHEMBL4482864,Tizaterkib,KLIFS,Fc1cc(ccc1F)CN1C(=O)c2n(C[C@@H]1COC)cc(n2)c1nc(ncc1C)Nc1ccnn1C,COC[C@H]1Cn2cc(-c3nc(Nc4ccnn4C)ncc3C)nc2C(=O)N1Cc1ccc(F)c(F)c1,False
CHEMBL:CHEMBL4583691,Naporafenib,KLIFS,Cc1ccc(NC(=O)c2ccnc(C(F)(F)F)c2)cc1-c1cc(OCCO)nc(N2CCOCC2)c1,Cc1ccc(NC(=O)c2ccnc(C(F)(F)F)c2)cc1-c1cc(OCCO)nc(N2CCOCC2)c1,False
CHEMBL:CHEMBL4783351,Emavusertib,KLIFS,O=C(C1=COC(C2=CC(C)=NC=C2)=N1)NC3=C(N4C[C@H](O)CC4)N=C5C(OC(N6CCOCC6)=N5)=C3,Cc1cc(-c2nc(C(=O)Nc3cc4oc(N5CCOCC5)nc4nc3N3CC[C@@H](O)C3)co2)ccn1,False
CHEMBL:CHEMBL4871106,-,KLIFS,O=C(C1=CC=CC2=C(N[C@@H](C3=CC=C(Cl)C(C(F)(F)F)=C3)CN4CCC4)N=CN=C12)N,NC(=O)c1cccc2c(N[C@H](CN3CCC3)c3ccc(Cl)c(C(F)(F)F)c3)ncnc12,False
CHEMBL:CHEMBL49120,-,KLIFS,CCN(CC)CCOc1ccc(Nc2ncc3cc(-c4c(Cl)cccc4Cl)c(=O)n(C)c3n2)cc1,CCN(CC)CCOc1ccc(Nc2ncc3cc(-c4c(Cl)cccc4Cl)c(=O)n(C)c3n2)cc1,False
CHEMBL:CHEMBL5083772,-,KLIFS,Cn1ncc(c1)Nc1nccc(n1)c1ccc2c(c1)CN(CCC2NC(=O)c1nnn(c1)C(C)(C)C)C1COC1,Cn1cc(Nc2nccc(-c3ccc4c(c3)CN(C3COC3)CCC4NC(=O)c3cn(C(C)(C)C)nn3)n2)cn1,False
CHEMBL:CHEMBL558642,-,KLIFS,OC(=O)c1ccc(cc1C1CCCC1)c1c[nH]c2c1cc(cn2)c1ccccc1,O=C(O)c1ccc(-c2c[nH]c3ncc(-c4ccccc4)cc23)cc1C1CCCC1,False
CHEMBL:CHEMBL586702,-,KLIFS,FC(c1nc2c(n1c1nc(nc(n1)N1CCOCC1)N1CCOCC1)cccc2)F,FC(F)c1nc2ccccc2n1-c1nc(N2CCOCC2)nc(N2CCOCC2)n1,False
INCHIKEY:ARBRHWRTXPWZGN-UHFFFAOYSA-N,-,KLIFS,O=C(C1=C(N)N(C2=C(C)C=CC(O)=C2C)C3=NC(C)=C(C)C=C31)N,Cc1cc2c(C(N)=O)c(N)n(-c3c(C)ccc(O)c3C)c2nc1C,False
INCHIKEY:ATQAGKAMBISZQM-HNNXBMFYSA-N,-,KLIFS,FC1=CC(F)=CC2=C1NC([C@@H](NC(C3=NNC(CC4=CC=CC=C4)=N3)=O)CC2)=O,O=C(NC1CCc2cc(F)cc(F)c2NC1=O)c1n[nH]c(Cc2ccccc2)n1,False
INCHIKEY:BMWMKGNVAMXXCH-UHFFFAOYSA-N,-,KLIFS,CC(OC1CN(C1)C(=O)NCc1ccc(cc1C)c1ccnc(n1)Nc1cnn(c1)C)C,Cc1cc(-c2ccnc(Nc3cnn(C)c3)n2)ccc1CNC(=O)N1CC(OC(C)C)C1,False
INCHIKEY:BVRGQPJKSKKGIH-PUAOIOHZSA-N,-,KLIFS,COc1cc(F)cc(c1)[C@@H](CO)NC(=O)[C@@H](C)N2Cc3ccc(cc3C2=O)c4nc(NC5CCOCC5)ncc4Cl,COc1cc(F)cc([C@@H](CO)NC(=O)C(C)N2Cc3ccc(-c4nc(NC5CCOCC5)ncc4Cl)cc3C2=O)c1,False
INCHIKEY:HJFSVYUFOXAVAA-UHFFFAOYSA-N,-,KLIFS,CCCNC1=NC(=NC=C1C#CCCCNC(=O)C(C)N(C)C(=O)C=CCN(C)C)NC2=CC=C(C=C2)C#N,CCCNc1nc(Nc2ccc(C#N)cc2)ncc1C#CCCCNC(=O)C(C)N(C)C(=O)C=CCN(C)C,False
INCHIKEY:JNPRPMBJODOFEC-UHFFFAOYSA-N,-,KLIFS,O=C(C(C=C(C1=NC(NC2=CC=NN2C)=NC=C1)S3)=C3C4(C)C)N4CCN5CCOCC5,Cn1nccc1Nc1nccc(-c2cc3c(s2)C(C)(C)N(CCN2CCOCC2)C3=O)n1,False
INCHIKEY:JSFCZQSJQXFJDS-QAPCUYQASA-N,Nemtabrutinib,KLIFS,c1ccc(cc1)Oc2ccc(c(c2)Cl)C(=O)c3c[nH]c4c3c(ncn4)N[C@@H]5CC[C@H](OC5)CO,O=C(c1ccc(Oc2ccccc2)cc1Cl)c1c[nH]c2ncnc(N[C@@H]3CC[C@@H](CO)OC3)c12,False
INCHIKEY:MJLYDVMFNHZMLV-UHFFFAOYSA-M,-,KLIFS,CC(C)(C)S(C(C(OCCOP(O)([O-])=O)=CC1=NC=N2)=CC1=C2NC3=CC(N=CS4)=C4C=C3)(=O)=O,CC(C)(C)S(=O)(=O)c1cc2c(Nc3ccc4scnc4c3)ncnc2cc1OCCOP(=O)(O)O,False
INCHIKEY:MKCYPWYURWOKST-INIZCTEOSA-N,Zipalertinib,KLIFS,NC1=C2C(N3C(C(C)=C[C@@H](C3)NC(C=C)=O)=C2C4=CC5=CC=CC=C5N=C4)=NC=N1,C=CC(=O)N[C@H]1C=C(C)c2c(-c3cnc4ccccc4c3)c3c(N)ncnc3n2C1,False
INCHIKEY:TVGAHWWPABTBCX-UHFFFAOYSA-N,Vimseltinib,KLIFS,CC(Nc1ncc(c(=O)n1C)c1ccc(c(n1)C)Oc1ccnc(c1)c1cnn(c1)C)C,Cc1nc(-c2cnc(NC(C)C)n(C)c2=O)ccc1Oc1ccnc(-c2cnn(C)c2)c1,False
INCHIKEY:UQTPDWDAYHAZNT-UHFFFAOYSA-N,Ilginatinib,KLIFS,CC(c1ccc(cc1)F)Nc2cc(cc(n2)Nc3cnccn3)c4cnn(c4)C,CC(Nc1cc(-c2cnn(C)c2)cc(Nc2cnccn2)n1)c1ccc(F)cc1,False
INCHIKEY:ZPPUMAMZIMPJGP-UHFFFAOYSA-N,-,KLIFS,CC1=NN(C=C1NC2=NC=C(C(=N2)NC)C(F)(F)F)C(C)(C)C#N,CNc1nc(Nc2cn(C(C)(C)C#N)nc2C)ncc1C(F)(F)F,False
CHEMBL:CHEMBL5314397,Acumapimod,PKIDB,Cc1ccc(cc1n2c(c(cn2)C(=O)c3cccc(c3)C#N)N)C(=O)NC4CC4,Cc1ccc(C(=O)NC2CC2)cc1-n1ncc(C(=O)c2cccc(C#N)c2)c1N,False
CHEMBL:CHEMBL1947204,Allitinib,PKIDB,C=CC(=O)Nc1ccc2c(c1)c(ncn2)Nc3ccc(c(c3)Cl)OCc4cccc(c4)F,C=CC(=O)Nc1ccc2ncnc(Nc3ccc(OCc4cccc(F)c4)c(Cl)c3)c2c1,False
CHEMBL:CHEMBL3545365,Altiratinib,PKIDB,c1cc(ccc1NC(=O)C2(CC2)C(=O)Nc3cc(c(cc3F)Oc4ccnc(c4)NC(=O)C5CC5)F)F,O=C(Nc1cc(Oc2cc(F)c(NC(=O)C3(C(=O)Nc4ccc(F)cc4)CC3)cc2F)ccn1)C1CC1,False
CHEMBL:CHEMBL3707349,Amcasertib,PKIDB,CCN(CC)CCNC(=O)c1c(c([nH]c1C)/C=C\2/c3cc(ccc3NC2=O)c4csc(n4)c5ccccc5)C,C=c1c(C(=O)NCCN(CC)CC)c(C)[nH]c1=Cc1c(O)[nH]c2ccc(-c3csc(-c4ccccc4)n3)cc12,False
PKIDB:ANLOTINIB,Anlotinib,PKIDB,Cc1cc2c([nH]1)ccc(c2F)Oc3ccnc4c3cc(c(c4)OCC5(CC5)N)OC,COc1cc2c(Oc3ccc4[nH]c(C)cc4c3F)ccnc2cc1OCC1(N)CC1,False
PKIDB:APATINIB,Apatinib,PKIDB,N#CC1(CCCC1)c1ccc(cc1)NC(=O)c1cccnc1Nc1cnccc1C,Cc1ccncc1Nc1ncccc1C(=O)Nc1ccc(C2(C#N)CCCC2)cc1,False
CHEMBL:CHEMBL2104954,Balamapimod,PKIDB,Cn1ccnc1Sc2ccc(cc2Cl)Nc3c4cc(c(cc4ncc3C#N)N5CCC(CC5)N6CCCC6)OC,COc1cc2c(Nc3ccc(Sc4nccn4C)c(Cl)c3)c(C#N)cnc2cc1N1CCC(N2CCCC2)CC1,False
CHEMBL:CHEMBL3809489,Bemcentinib,PKIDB,c1ccc-2c(c1)CCCc3c2nnc(c3)n4c(nc(n4)Nc5ccc6c(c5)CC[C@H](CC6)N7CCCC7)N,Nc1nc(Nc2ccc3c(c2)CC[C@@H](N2CCCC2)CC3)nn1-c1cc2c(nn1)-c1ccccc1CCC2,False
CHEMBL:CHEMBL3545213,Bentamapimod,PKIDB,N#CC(c1nc2ccccc2s1)c5nc(OCc3ccc(cc3)CN4CCOCC4)ncc5,N#CC(c1ccnc(OCc2ccc(CN3CCOCC3)cc2)n1)c1nc2ccccc2s1,False
PKIDB:DEUCRAVACITINIB,Deucravacitinib,PKIDB,C[2H]C([2H])([2H])NC(=O)c1nnc(NC(=O)C2CC2)cc1Nc1cccc(-c2ncn(C)n2)c1OC,,False
CHEMBL:CHEMBL2103838,Dilmapimod,PKIDB,Cc1cc(ccc1c2c3ccc(=O)n(c3nc(n2)NC(CO)CO)c4c(cccc4F)F)F,Cc1cc(F)ccc1-c1nc(NC(CO)CO)nc2c1ccc(=O)n2-c1c(F)cccc1F,False
CHEMBL:CHEMBL4113131,Ensartinib,PKIDB,C[C@@H]1CN(C[C@@H](N1)C)C(=O)c2ccc(cc2)NC(=O)c3cc(c(nn3)N)O[C@H](C)c4c(ccc(c4Cl)F)Cl,C[C@@H]1CN(C(=O)c2ccc(NC(=O)c3cc(O[C@H](C)c4c(Cl)ccc(F)c4Cl)c(N)nn3)cc2)C[C@H](C)N1,False
CHEMBL:CHEMBL1278146,Famitinib,PKIDB,CCN(CC)CCN1CCc2c(c(c([nH]2)/C=C\3/c4cc(ccc4NC3=O)F)C)C1=O,C=c1c2c([nH]c1=Cc1c(O)[nH]c3ccc(F)cc13)CCN(CCN(CC)CC)C2=O,False
PKIDB:FLUMATINIB,Flumatinib,PKIDB,Cc1c(cc(cn1)NC(=O)c2ccc(c(c2)C(F)(F)F)CN3CCN(CC3)C)Nc4nccc(n4)c5cccnc5,Cc1ncc(NC(=O)c2ccc(CN3CCN(C)CC3)c(C(F)(F)F)c2)cc1Nc1nccc(-c2cccnc2)n1,False
CHEMBL:CHEMBL4303214,Fruquintinib,PKIDB,Cc1c(c2ccc(cc2o1)Oc3c4cc(c(cc4ncn3)OC)OC)C(=O)NC,CNC(=O)c1c(C)oc2cc(Oc3ncnc4cc(OC)c(OC)cc34)ccc12,False
CHEMBL:CHEMBL1277072,Henatinib,PKIDB,Cc1c([nH]c2c1C(=O)N(CCC2)C[C@@H](CN3CCOCC3)O)/C=C\4/c5cc(ccc5NC4=O)F,C=c1c2c([nH]c1=Cc1c(O)[nH]c3ccc(F)cc13)CCCN(C[C@H](O)CN1CCOCC1)C2=O,False
CHEMBL:CHEMBL3889654,Larotrectinib,PKIDB,c1cc(c(cc1F)[C@H]2CCCN2c3ccn4c(n3)c(cn4)NC(=O)N5CC[C@@H](C5)O)F,O=C(Nc1cnn2ccc(N3CCC[C@@H]3c3cc(F)ccc3F)nc12)N1CC[C@H](O)C1,False
CHEMBL:CHEMBL4558324,Lazertinib,PKIDB,CN(C)Cc1cn(nc1c2ccccc2)c3ccnc(n3)Nc4cc(c(cc4OC)N5CCOCC5)NC(=O)C=C,C=CC(=O)Nc1cc(Nc2nccc(-n3cc(CN(C)C)c(-c4ccccc4)n3)n2)c(OC)cc1N1CCOCC1,False
CHEMBL:CHEMBL2103874,Oclacitinib,PKIDB,CNS(=O)(=O)C[C@H]1CC[C@@H](CC1)N(c2ncnc3c2cc[nH]3)C,CNS(=O)(=O)C[C@H]1CC[C@H](N(C)c2ncnc3[nH]ccc23)CC1,False
CHEMBL:CHEMBL3786343,Olmutinib,PKIDB,CN1CCN(CC1)c2ccc(cc2)Nc3nc4ccsc4c(n3)Oc5cccc(c5)NC(=O)C=C,C=CC(=O)Nc1cccc(Oc2nc(Nc3ccc(N4CCN(C)CC4)cc3)nc3ccsc23)c1,False
CHEMBL:CHEMBL5095025,Panulisib,PKIDB,CC(C)(C#N)c1ccc(cn1)n2c3c4cc(ccc4ncc3n(c2=NC#N)C)c5cc(c(nc5)N)C(F)(F)F,Cn1c(=NC#N)n(-c2ccc(C(C)(C)C#N)nc2)c2c3cc(-c4cnc(N)c(C(F)(F)F)c4)ccc3ncc21,False
CHEMBL:CHEMBL3137308,Peficitinib,PKIDB,c1c[nH]c2c1c(c(cn2)C(=O)N)N[C@@H]3[C@@H]4C[C@@H]5C[C@H]3C[C@@](C5)(C4)O,NC(=O)c1cnc2[nH]ccc2c1N[C@@H]1[C@@H]2C[C@@H]3C[C@H]1C[C@@](O)(C3)C2,False
CHEMBL:CHEMBL3544911,Prexasertib,PKIDB,COc1cccc(c1c2cc(n[nH]2)Nc3cnc(cn3)C#N)OCCCN,COc1cccc(OCCCN)c1-c1cc(Nc2cnc(C#N)cn2)[nH]n1,False
CHEMBL:CHEMBL3647420,Pyrotinib,PKIDB,CCOc1cc2c(cc1NC(=O)/C=C/[C@H]3CCCN3C)c(c(cn2)C#N)Nc4ccc(c(c4)Cl)OCc5ccccn5,CCOc1cc2ncc(C#N)c(Nc3ccc(OCc4ccccn4)c(Cl)c3)c2cc1NC(=O)/C=C/[C@H]1CCCN1C,False
CHEMBL:CHEMBL4297524,Radotinib,PKIDB,Cc1ccc(cc1Nc2nccc(n2)c3cnccn3)C(=O)Nc4cc(cc(c4)n5cc(nc5)C)C(F)(F)F,Cc1cn(-c2cc(NC(=O)c3ccc(C)c(Nc4nccc(-c5cnccn5)n4)c3)cc(C(F)(F)F)c2)cn1,False
CHEMBL:CHEMBL2364626,Ralimetinib,PKIDB,CC(C)(C)Cn1c2c(ccc(n2)c3c(nc([nH]3)C(C)(C)C)c4ccc(cc4)F)nc1N,CC(C)(C)Cn1c(N)nc2ccc(-c3[nH]c(C(C)(C)C)nc3-c3ccc(F)cc3)nc21,False
CHEMBL:CHEMBL4442620,Roniciclib,PKIDB,C[C@H]([C@@H](C)Oc1c(cnc(n1)Nc2ccc(cc2)[S@](=N)(=O)C3CC3)C(F)(F)F)O,C[C@@H](O)[C@@H](C)Oc1nc(Nc2ccc([S@](=N)(=O)C3CC3)cc2)ncc1C(F)(F)F,False
PKIDB:SELATINIB,Selatinib,PKIDB,CS(=O)CCNCc1ccc(o1)c2ccc3c(c2)c(ncn3)Nc4ccc(c(c4)Cl)OCc5cccc(c5)F,C[S+]([O-])CCNCc1ccc(-c2ccc3ncnc(Nc4ccc(OCc5cccc(F)c5)c(Cl)c4)c3c2)o1,False
CHEMBL:CHEMBL3545235,Simotinib,PKIDB,COc1cc2c(cc1OCCN3CC4(CC4)C5(C3)OCCO5)c(ncn2)Nc6ccc(c(c6)Cl)F,COc1cc2ncnc(Nc3ccc(F)c(Cl)c3)c2cc1OCCN1CC2(CC2)C2(C1)OCCO2,False
CHEMBL:CHEMBL3989926,Sitravatinib,PKIDB,COCCNCc1ccc(nc1)c2cc3c(s2)c(ccn3)Oc4ccc(cc4F)NC(=O)C5(CC5)C(=O)Nc6ccc(cc6)F,COCCNCc1ccc(-c2cc3nccc(Oc4ccc(NC(=O)C5(C(=O)Nc6ccc(F)cc6)CC5)cc4F)c3s2)nc1,False
CHEMBL:CHEMBL3301606,Solcitinib,PKIDB,CC1(CN(C1)C(=O)c2ccc(cc2)c3cccc4n3nc(n4)NC(=O)C5CC5)C,CC1(C)CN(C(=O)c2ccc(-c3cccc4nc(NC(=O)C5CC5)nn34)cc2)C1,False
CHEMBL:CHEMBL3301625,Spebrutinib,PKIDB,COCCOc1ccc(cc1)Nc2ncc(c(n2)Nc3cccc(c3)NC(=O)C=C)F,C=CC(=O)Nc1cccc(Nc2nc(Nc3ccc(OCCOC)cc3)ncc2F)c1,False
CHEMBL:CHEMBL2180602,Tafetinib,PKIDB,CCN(CC)CCNC(=O)c1c([nH]c\2c1CCC/C2=C/3\c4cc(ccc4NC3=O)F)C,CCN(CC)CCNC(=O)c1c(C)[nH]c2c1=CCCC=2c1c(O)[nH]c2ccc(F)cc12,False
CHEMBL:CHEMBL4297661,Tarloxotinib,PKIDB,Cn1cnc(c1C[N+](C)(C)C/C=C/C(=O)Nc2cc3c(cn2)ncnc3Nc4ccc(c(c4)Br)Cl)[N+](=O)[O-].[Br-],Cn1cnc([N+](=O)[O-])c1C[N+](C)(C)C/C=C/C(=O)Nc1cc2c(Nc3ccc(Cl)c(Br)c3)ncnc2cn1,False
CHEMBL:CHEMBL13608,Toceranib,PKIDB,Cc1c([nH]c(c1C(=O)NCCN2CCCC2)C)/C=C\3/c4cc(ccc4NC3=O)F,C=c1c(C(=O)NCCN2CCCC2)c(C)[nH]c1=Cc1c(O)[nH]c2ccc(F)cc12,False
CHEMBL:CHEMBL3894860,Trilaciclib,PKIDB,CN1CCN(CC1)c2ccc(nc2)Nc3ncc4cc5n(c4n3)C6(CCCCC6)CNC5=O,CN1CCN(c2ccc(Nc3ncc4cc5n(c4n3)C3(CCCCC3)CNC5=O)nc2)CC1,False
CHEMBL:CHEMBL3622821,Upadacitinib,PKIDB,CC[C@@H]1CN(C[C@@H]1c2cnc3n2c4cc[nH]c4nc3)C(=O)NCC(F)(F)F,CC[C@@H]1CN(C(=O)NCC(F)(F)F)C[C@@H]1c1cnc2cnc3[nH]ccc3n12,False
CHEMBL:CHEMBL3905910,Voruciclib,PKIDB,CN1CC[C@H]([C@@H]1CO)c2c(cc(c3c2oc(cc3=O)c4ccc(cc4Cl)C(F)(F)F)O)O,CN1CC[C@@H](c2c(O)cc(O)c3c(=O)cc(-c4ccc(C(F)(F)F)cc4Cl)oc23)[C@@H]1CO,False
